{
 "time": 1591219418,
 "add_times": [
  71.712875024,
  75.698278755,
  74.945598747,
  74.327704787,
  72.219972647
 ],
 "delete_times": [
  70.426145082,
  69.656741299,
  67.784079611,
  70.691768598,
  71.153585261
 ]
}