{
 "time": 1591902103,
 "add_times": [
  80.661013712,
  78.186928999,
  77.070784382,
  79.699849284,
  78.802534739,
  78.023439759,
  79.513216389,
  79.547272961,
  77.912625865,
  80.657814434
 ],
 "add_100_means": [
  3.046572813190002,
  1.6818642436199998,
  2.64917654261,
  2.662762254500001,
  1.68848525332,
  1.6892034042799997,
  1.7936241063300002,
  2.0900501610099997,
  6.25571182877,
  2.009412134430001
 ],
 "add_100_p95s": [
  7.461788496,
  1.316800489,
  4.203815889,
  5.705867335,
  1.286243247,
  1.280808034,
  2.574517475,
  5.775502908,
  18.360391474,
  4.703796185
 ],
 "delete_times": [
  76.315645376,
  74.653481276,
  76.890659041,
  77.524833747,
  76.515241662,
  75.87909016,
  75.918115537,
  76.767021358,
  76.713196176,
  76.650043168
 ]
}