{
 "time": 1591220929,
 "add_times": [
  72.989346883,
  76.89550004,
  78.754694315,
  79.047472491,
  72.645424344
 ],
 "add_100_means":[
  9999
 ],
 "add_100_p95s": [
  9999
 ],
 "delete_times": [
  71.667340547,
  72.109500981,
  71.825934446,
  71.214529226,
  72.314187464
 ]
}
