{
 "time": 1592589476,
 "add_times": [
  85.104734001,
  82.223928642,
  83.276171099
 ],
 "add_100_means": [
  3.3144514397399987,
  2.5882953083599993,
  1.7195499584100005
 ],
 "add_100_p95s": [
  6.532652111,
  4.387333285,
  1.333028969
 ],
 "delete_100_means": [
  1.18781826845,
  1.1864779523400002,
  1.1677313263899995
 ],
 "delete_100_p95s": [
  1.298787518,
  1.270201393,
  1.256943591
 ],
 "delete_times": [
  80.53624984,
  80.322305158,
  81.830140747
 ]
}