{
  "time": 1591212269,
  "add_times": [
    71.02437273,
    77.029611523,
    76.0988771,
    78.99070696,
    74.320425904
  ],
  "delete_times": [
    70.025009635,
    69.804496126,
    71.493042409,
    71.063651405,
    69.71791702
  ]
}
