{
 "time": 1591902103,
 "add_times": [
  80.661013712,
  78.186928999,
  77.070784382,
  79.699849284,
  78.802534739,
  78.023439759,
  79.513216389,
  79.547272961,
  77.912625865,
  80.657814434
 ],
 "add_100_means": [
  999
 ],
 "add_100_p95s": [
  999
 ],
 "delete_100_means": [
  999
 ],
 "delete_100_p95s": [
  999
 ],
 "delete_times": [
  76.315645376,
  74.653481276,
  76.890659041,
  77.524833747,
  76.515241662,
  75.87909016,
  75.918115537,
  76.767021358,
  76.713196176,
  76.650043168
 ]
}
