{
 "time": 1592508445,
 "add_times": [
  82.935007459,
  81.999528993,
  81.416522329
 ],
 "add_100_means": [
  3.3156830374899986,
  2.6314019005000007,
  1.6912743995700001
 ],
 "add_100_p95s": [
  8.964327192,
  5.62295993,
  1.287414024
 ],
 "delete_100_means": [
  1.1639885572699997,
  1.1579009749799998,
  1.1549440963300004
 ],
 "delete_100_p95s": [
  1.247463199,
  1.239466086,
  1.222746537
 ],
 "delete_times": [
  78.730969426,
  77.49458594,
  79.404833005
 ]
}